open_aea/connections/scaffold,QmZ42VNQKHxG1pWad4GCtD4Z8pwS258xd45KbM8pTgmyFk
open_aea/contracts/scaffold,QmWk6GLpbV3ZSZuhpTqejGdPd6c5iJQCGjo7g4ktW2BdMu
open_aea/protocols/scaffold,QmSV8Xe9eDWvtSxRKZQquMy5d2kcR7FprJtStUD7wb5b3B
open_aea/protocols/signing,QmYVxA8smnK8LQ2B4z5BVFvEwo3szQeBosUesycb8By1ZT
open_aea/skills/scaffold,QmemZUe28kMS72q9zLW6VVzfss2adEgFGwtWinPXzGPmUm
valory/agents/abstract_abci,Qmf4FhUUWPaNVWjRinQnBX3w25cRkVMZnXaFXpid2XeKmd
valory/agents/apy_estimation,QmWWkdzyaueXYd353Q1FqXannKv8euvvRpCKw7AnKhtPoT
valory/agents/apy_estimation_chained,QmWaHqe3pwfPorVscudAQt3U7Bo4rYFj3XyCKqAiT6J6Yk
valory/agents/counter,QmUuAJSvTm6uQ96KA4PboKA3SSuF7RXgSvUQNHMY1wDirc
valory/agents/counter_client,Qmdmov8NEmsYUc2VwquBLw9J6KhrpfQHpWzEQemP8bZCdj
valory/agents/hello_world,QmSV9Uj6MsBoAb2G6nwDhPU6DcUCGZV3CLEQLqTjrjg5Ks
valory/agents/oracle,QmYQFx1LopyoxnmjovhWV36gx2UiFixbdSa2yatrcfeKaR
valory/agents/register_reset,QmcAZbXFmCPLZnmkVYcfWxroBusQbvE7YQAMsb6x3ForqY
valory/agents/registration_start_up,QmaVm5hLyraPpuDhutr6ne3eHUSUSWP6dDEdCTiwgWJvZo
valory/agents/simple_abci,QmcxeMRT1bPuXFnkQ5oDSNyNUpWFbrcJVgHdo22mx6Xkdi
valory/agents/test_abci,QmYkjWqWAswBmeuCFKt9bcSftnjj1jQmjjtf33CRBZNYWX
valory/connections/abci,QmYE9civiMEWjfVDZL5WhJkp8owT74doZnV1xy2fkTaNxN
valory/connections/http_client,QmXBBMS5g4kyyE3mzFcpieoDMKWFf9naaCM3QNSjP2mxDt
valory/connections/ledger,Qmcd32eJaDbWFFgqTzKf3Lqhshj37ndhrdtYiNnED2ULqB
valory/connections/p2p_libp2p_client,QmQ8QKKHkMyBWpf8JLJ4NRNmK6oet44jzdQGkZskpSb2oJ
valory/contracts/gnosis_safe,QmRNdXGRRQBMFXh5ZvtJeYvHt7559kV5r5EYU5JNUdRBKJ
valory/contracts/gnosis_safe_proxy_factory,QmVkZtrgZ2ievXAonq9z33qbrxHi8piVGptuCGaGJYS1iM
valory/contracts/multisend,QmZYrrgrD4qhaUoJD5VrQtZSivbYi463gcmurTp4WV8Zpf
valory/contracts/offchain_aggregator,Qmaftfci6asBewVH3vKGtMJVcAdG71Vm6Qv493uRkT7b2h
valory/contracts/service_registry,QmR2sat97GLWU9DbkbYQyLqHzpuk98wFRsrjSr9GHYQMSY
valory/contracts/uniswap_v2_erc20,QmWSouBEXuGQdiTmu1ytZnHApDr3Xn4ByopPNTx7Gw9bNj
valory/contracts/uniswap_v2_router_02,QmaBYScH7PfzcU5qw5mgzNW5a59R7pRCWQCSNxr1zACpZt
valory/protocols/abci,QmY42cX49Jb1dmHGbiDE7SEAW9YJc1FYJQA2U4i1mNYtBz
valory/protocols/acn,QmUjvc8HZRRPauJpLKdsBPiBFXPmXM3htmKVnXHoikptJY
valory/protocols/contract_api,QmZRa6S342MT1oSQjLoyEDitjK6nivypC78DKipvg9JpF1
valory/protocols/http,QmRQYhYWbGSNHb152dp2L1P9EtZRZZqgvZAaNat5qxfQqK
valory/protocols/ledger_api,QmNfowyB8rGWr53wuNPYK5BEAnA8AehgipVdYXt8LC5uR6
valory/protocols/tendermint,QmUj6wxrYnaXjhVt13KZT33qcy9kcAcKRRXXY1DyRajPdQ
valory/services/apy_estimation_hardhat,QmPgXevjJJXkRERgKHpGSc2hfHjvP9PJfojbmHmWiWjNA5
valory/services/counter,QmRcY2JvVLYXwj7g1RNtwzj2UCVgsWk4hHDYyvaxF2Dbd4
valory/services/hello_world,QmYUwUWF7YrPrRex8WahJYtM6by6xF8L4r1Dy2N8mQvgER
valory/services/oracle_hardhat,QmNaDp4WY6F8M896NcyuKJV7dWpiLwzugHCHeSbY6fiUzv
valory/services/oracle_polygon,QmaaCskmzQY6zMJfAJ1uX41Tx5KGeCLez4aBo8dfa4aNdX
valory/services/oracle_ropsten,QmQeg9ZukdgSQ8ziiwZgA1xB82JFHHyanLeQpsQtMuyYrT
valory/services/oracle_ropsten_cluster,QmNTWPD3x1i8vA9s7W1ZuMQ3FdcRA2FmJD163BL2EBy5kV
valory/services/register_reset,QmR8SQ7irqhUafmhomHPEBW8HNKj2Ah3tugCitj6Xn3UmS
valory/skills/abstract_abci,QmQbvEwfyPqAvjpUuxY77vNTr5qzHMKz41WNLDNrvDc4su
valory/skills/abstract_round_abci,Qmct7hh6zHRrWMJXU7TPsJ2113vhmfQSJq6PcMxvq8XUWp
valory/skills/apy_estimation_abci,QmRs45DUEcBjXunSDCgZwiuw94GQgACUa24ihTU5PDDTfw
valory/skills/apy_estimation_chained_abci,QmdNJtUF779wvYsjqxYpyN6Zww3ZatYmY9S6yd7cG65jbr
valory/skills/counter,QmQHevKyrrqqQBanCogra2RfVnPJ9g1g5Up9YJFXgZ9DPw
valory/skills/counter_client,QmUgbMaxHicd3unozj33LEHpxmqDsu1p4c9SrXCVvsCDfs
valory/skills/hello_world_abci,QmdZ4nUPQpbxFC5xwbYDh5WTmei5sZiHmG8pJC5c7D6dUc
valory/skills/liquidity_provision_abci,Qmee7dPN3auUio52mCQWPeAoQo4HoaFyAG3BJQJfa4vrXX
valory/skills/liquidity_rebalancing_abci,QmdFc1PcWNFWBKWGGMxXrTZ8aA9dCdVb5wCrFR1ayvQU2x
valory/skills/oracle_abci,QmRFBrWhNY1Lgjie7122piphLS3iKFt5cJSPtmxnE6Z3DF
valory/skills/oracle_deployment_abci,QmdMmoxytzbz3wvXDFSPZy3MzhuPLfzrUp4XzSX3unfmAW
valory/skills/price_estimation_abci,QmbhjgCyYtzvtwCYfq2iAjZMh78skXV2UdCHCbkfnZsfX1
valory/skills/register_reset_abci,QmdVpmB789Yy1rmQm4etwGBDZDxWxeb79zMFW2Bx5GQLKo
valory/skills/registration_abci,QmU3794mFkUqdTu1oFrjJvkBUmsYyRd7jaqEFrDxWFxTLf
valory/skills/reset_pause_abci,QmdtaD5392m291vJYeJc1j8gvwaNC7u4Qcn3zLwbUPWQCG
valory/skills/safe_deployment_abci,QmcUmyxU8XLF3sdNF7RYtjkeXgprDQNP8F12JT1HDpHoWo
valory/skills/simple_abci,QmShryekGN7SohHzS5VfmboZ8MNb7gwhGnwbgcRH69tKNF
valory/skills/test_abci,QmV9GEUKoRRwaRjyCvtioBytxz6VCxaCjVGVvMpDJ2qWdQ
valory/skills/transaction_settlement_abci,QmXp94FN7fcBFdGKfx3Tvg5N2jpMrWMXfJzG4v9HF3ZyrX
